http://id.loc.gov/resources/hubs/3ad7c5cb-85f2-d763-ed6f-a41a08d02a92,86004239,68069512
http://id.loc.gov/resources/hubs/149a08d3-c64e-8671-14f3-9d476537482f,80835843,90232413,78841228,77838389
http://id.loc.gov/resources/hubs/bf88476e-882b-c609-9ac2-abdc2522f61f,77555914,75007957
http://id.loc.gov/resources/hubs/20285b0f-116f-2154-bc83-72842f772f29,2016412476,2018453488
http://id.loc.gov/resources/hubs/d55db281-4720-9e82-f22e-7eeaa0ca259a,00286351,99164500
http://id.loc.gov/resources/hubs/9cfdd640-6e07-b835-2ff0-6057e98874ce,99186429
http://id.loc.gov/resources/hubs/293b2cac-940b-f112-4519-d46767c052a3,sn 87079936,sf 89090767,tmp96026132
http://id.loc.gov/resources/hubs/4dc90e58-ff10-9d4d-e7e0-48dc366fe4df,2001410269,97129656
http://id.loc.gov/resources/hubs/e24a074a-9d36-30a9-89bd-74a15a69d730,83160904,83160730
http://id.loc.gov/resources/hubs/b8a25d35-9076-2ea2-f6c3-3ca5e77a03df,41036328,65000151
http://id.loc.gov/resources/hubs/493d13d0-6c52-ed54-3325-77c5e89f2dcf,66075368,60040108
http://id.loc.gov/resources/hubs/7a09a84d-f818-6f07-ed81-ddd81889fe18,93043483,92054448
http://id.loc.gov/resources/hubs/86cfa4c0-fbae-3836-1e16-3a329a7481c5,79010041,80510513
http://id.loc.gov/resources/hubs/21aebd88-9652-1a9e-6223-60b99926b6b9,78230012,79054858
http://id.loc.gov/resources/hubs/bf7f2c67-5a2b-18de-0ead-ff843251c03b,74163091,85102835
http://id.loc.gov/resources/hubs/30adba83-934c-8b56-8f6c-56eec5583f62,2006480902,2012491444
http://id.loc.gov/resources/hubs/ecd28d44-8b5c-5122-6826-1981edffa272,88046029,91134630
http://id.loc.gov/resources/hubs/e571a967-d812-67d9-d723-e7fec91310fd,91216736,88141849
http://id.loc.gov/resources/hubs/6adfece6-5c82-6b9b-0d18-d05d8e4cd2d7,2021002358,2021002359,2021002358,2021002359
http://id.loc.gov/resources/hubs/bf8c3d52-e2cc-078a-ddb8-76b0502cc70e,95752818,81771156
http://id.loc.gov/resources/hubs/78c9422a-6e08-9d66-2b12-515147dc8455,85206398
http://id.loc.gov/resources/hubs/004b5878-656b-8ae6-7982-2b3dfd811714,82170877,95833096
http://id.loc.gov/resources/hubs/04b6e2a4-372c-473c-6ff6-d5ebde2e7201,84743184,94773652
http://id.loc.gov/resources/hubs/cd04c8fa-5c7a-9a3a-60a6-a7ed7af19b4b,2013202619,2013202620
http://id.loc.gov/resources/hubs/07cbad8f-d817-6957-6bb2-26ba5623101f,85142074,98450279
http://id.loc.gov/resources/hubs/55c8314c-1c89-7670-27d1-7f62e803ff57,99591677,2020620158
http://id.loc.gov/resources/hubs/892a6e4a-7308-282e-cbb3-88731092cfde,99525501,84139429
http://id.loc.gov/resources/hubs/a5ddbb7d-e103-99b6-6eed-c5ee3477acdd,2008554634,2009406001
http://id.loc.gov/resources/hubs/4a68aeb8-26b6-1861-ee8c-9fd5a4a70e62,75328959,76133729,35001025
http://id.loc.gov/resources/hubs/b02e6937-69ba-23b4-f12c-edff9f14e692,2021043521,2021043520,2021043520,2021043521,2021043520
http://id.loc.gov/resources/hubs/9097a1b8-53a3-4ad5-1213-14c06e1cd761,89063777,00702858,96203173,2004268643,94162944
http://id.loc.gov/resources/hubs/d40d972a-2a70-74b7-8dd7-2f781f77de7e,2007273144,2010290014
http://id.loc.gov/resources/hubs/698a6a2e-7b99-76aa-101e-451e9d98ba75,83241963,94465120,98458783,77816555,70796577
http://id.loc.gov/resources/hubs/b4445c73-d6ab-a959-b8b6-5f35bdcbf0e4,2007020220,2015013892
http://id.loc.gov/resources/hubs/5532732e-389e-255c-ae41-8330f86df1ff,82761772,90751505,97703292,r 55000437
http://id.loc.gov/resources/hubs/5c1eefa0-ee7b-8ffb-5c38-f2d9c4a1c9a5,2003550581,97703890
http://id.loc.gov/resources/hubs/9f562911-1f05-cd78-0405-c3c75c1c2ad4,2009546823,2009546824
http://id.loc.gov/resources/hubs/00622e0c-d161-a029-1a69-86d644704bd4,tmp96032584,74236041
http://id.loc.gov/resources/hubs/2d256ff3-a421-5b50-80de-5cb5027adef7,64047397,75428317
http://id.loc.gov/resources/hubs/5588c438-0abb-0ed9-fb84-daef27f4846d,2005295334,2005271768,81014699,95000449
http://id.loc.gov/resources/hubs/34c5a709-75e3-a702-28fd-01055c63a90a,2017441509,2019416113
http://id.loc.gov/resources/hubs/2d59cddc-a818-be12-ecb7-22f0761f329a,2001537150,2003695617,2007571039,2010620351
http://id.loc.gov/resources/hubs/2b0111af-a527-3855-d0bc-103a11583666,2003618703,2002394882,2003538980,91827162,unk84006688
http://id.loc.gov/resources/hubs/603ddb87-09a3-5136-ed57-34959faf3a2a,sn 88063833,sn 94048117
http://id.loc.gov/resources/hubs/761dd265-4492-2d0e-c364-039de5e47f8f,2015629071,96705267
http://id.loc.gov/resources/hubs/aeeff21e-8b41-5a0b-d90c-a072e812aa6e,86173467,92232645
http://id.loc.gov/resources/hubs/2470704f-b826-2207-9e13-ba75f2e5e28f,tmp96027558,sf 96090240
http://id.loc.gov/resources/hubs/a6cdf3e1-1fd3-327d-353c-a9d858659e38,2005016495,2003271336,2004004839
http://id.loc.gov/resources/hubs/3e2acee2-6706-369a-5818-95ecc256e06d,2013452977,2013491367
http://id.loc.gov/resources/hubs/f2b83ae9-de5c-ee1d-4c04-8e233f41a1e1,2011311010,74195088
http://id.loc.gov/resources/hubs/c63bc2aa-4030-040e-0e66-c62dbd65a6e0,88178197,93721796
http://id.loc.gov/resources/hubs/849d0713-85b0-2ebf-4523-4f4637d2edda,00390118,94115020,83228635,91170051
http://id.loc.gov/resources/hubs/683bb6e8-41ee-c67f-ff39-3a64cf79fdbe,sf 95093201,sf 94092707,sf 93092156,sn 90040836,sf 93092156,sf 94092707
http://id.loc.gov/resources/hubs/de821a5d-8564-3a6c-6886-59b507506492,2015373442,2019296210,2010288832,2002281427,2007272164
http://id.loc.gov/resources/hubs/28ecd565-9111-8ee6-4302-5b1976b4a810,87942935,99912800,2001398415,2002350069,2003414578,2003414577,2008313323,2003414581,2008439655,2014318868,84941000,84941040,83942262
http://id.loc.gov/resources/hubs/3a462238-3cbe-ade1-c270-c45273a9a942,96047345,87072037
http://id.loc.gov/resources/hubs/a9dd320b-2433-0930-da69-98629641d50f,90046090,87000454
http://id.loc.gov/resources/hubs/8734bade-25f8-1ef6-1f87-993764143990,2001552636,90230029
http://id.loc.gov/resources/hubs/50f724fa-d9ef-2f69-5c43-324eba0052ef,2017958597,2010035292,2006002074
http://id.loc.gov/resources/hubs/3ef503a5-759f-f6cf-2993-78af714a2ccf,2015398772,93185353
http://id.loc.gov/resources/hubs/2be67c1c-2439-56c5-eecd-1c126c9c7720,92750162
http://id.loc.gov/resources/hubs/d392ae4b-a0e2-8d3c-7728-56fc2d48f91f,50000270,62011153
http://id.loc.gov/resources/hubs/7c4a2f81-0693-5f2a-93dc-fd6012fb732b,77137554,71147658
http://id.loc.gov/resources/hubs/eaa1eaa4-86f3-f9b7-acca-305813825fbf,00429422,2012498259,2015421469,2018296193,99217271,99217441
http://id.loc.gov/resources/hubs/a1fa6b61-da34-1ae3-a89f-5630cb06e2a5,unk84196629,62050733,2001559742
http://id.loc.gov/resources/hubs/00bd103e-4e21-0cb2-8988-baa33f59e7cb,sn 95033619,sn 97058104,xsn97058104
http://id.loc.gov/resources/hubs/e6b15bd1-4545-7362-afe1-73f7dc02f8f9,2009406198,92240187
http://id.loc.gov/resources/hubs/21c46fd3-c2c2-543d-a1c6-a78202373141,2013433954,2019396951
http://id.loc.gov/resources/hubs/02c0e318-a24b-c305-7f68-ff178544f8aa,71030191,77122892
http://id.loc.gov/resources/hubs/49b05c3f-26a1-410c-a35b-856989ec2ee5,78342541,2010305141,84758995,51002809,67090118,09020765
http://id.loc.gov/resources/hubs/21f48414-22a4-5ef0-f066-de47e7aef286,39011579,tmp80013531
http://id.loc.gov/resources/hubs/f97c225d-64da-996c-a360-44d244cdc8da,52033274,73322558,77512505,74344339,48025957,61041084
http://id.loc.gov/resources/hubs/7883c579-232e-a5e1-9b4b-7f856424fa5f,92826934,96837909
http://id.loc.gov/resources/hubs/5406fd9e-21e9-1afb-1fd2-d02e15d4ec7a,00271695,2004269263,97003090,92241607,93123073,93827451,93828652,94829726
http://id.loc.gov/resources/hubs/7056fc0d-48d3-523b-6e38-092cf518d1e8,2013026065,2007049646
http://id.loc.gov/resources/hubs/bd273ec0-ad10-e821-42a8-8914e0db5ff7,88885945,2018488890,42013257
http://id.loc.gov/resources/hubs/f1b6635e-6e7f-39e8-3f3e-50a050bdc0ca,unk84111993,r 53000647
http://id.loc.gov/resources/hubs/a5a4872d-35bb-491f-ba78-bbf6880a58f0,67007401,74094389,80026495,75043001
http://id.loc.gov/resources/hubs/4028dd13-e4dc-4b60-ad5d-7b281c1d1a9a,95948990,94940332
http://id.loc.gov/resources/hubs/81fb7dee-6278-af72-9556-544a5edb4be4,82770058
http://id.loc.gov/resources/hubs/87f3e060-6f97-f37b-d673-56848a92b0f3,2014479088,2016383857
http://id.loc.gov/resources/hubs/76ffc8cf-ba60-fb26-d404-80d0407b96af,2010659455,2010659456
http://id.loc.gov/resources/hubs/70ee328c-77fa-bee0-806c-926c9f23b520,2006655578,2011620614
http://id.loc.gov/resources/hubs/7786a8c8-c86d-ac58-6d69-551949f03a37,67059411,2015623578
http://id.loc.gov/resources/hubs/7d1b33f6-733b-e0d1-6787-0cec35b464dc,2019456135,2012470263,2003270663,2007281592,93012220,99228157,86032449
http://id.loc.gov/resources/hubs/6ac168ce-0efe-829a-cd5a-c127d1bb499c,78764766,78764766
http://id.loc.gov/resources/hubs/5524cd08-244e-db98-9d26-018d4fc080f6,98175732,85137331,2002487298
http://id.loc.gov/resources/hubs/55ae479e-7b5e-d499-249a-ba398b61934c,66038552,64040467,77761033
http://id.loc.gov/resources/hubs/9a3dc407-ef4c-feb0-3412-2cf43148c4d6,2014938818,2015010547
http://id.loc.gov/resources/hubs/1cd50853-a416-0777-a286-2b76f6b705c1,a 56002208,74077494,a 54002828
http://id.loc.gov/resources/hubs/81a396c9-b1b1-1de1-9dcb-9a7135b8d741,81454294,82018574,2008411462,74108391,78006707,48006496,83122900
http://id.loc.gov/resources/hubs/3b848bed-620e-43ce-ffe9-d9f80e3573c0,88045995,99016590
http://id.loc.gov/resources/hubs/803d9876-adee-7cc9-0703-816ca5b513b4,2013045183,2013045183,2020685053
http://id.loc.gov/resources/hubs/13e41222-aeb6-3ef2-e819-27312bc6a17d,99476634,2003618774,2010509606,2011483413
http://id.loc.gov/resources/hubs/98f6397f-9b81-4d75-3937-b301fda54a2e,78353415,77450281,76460780
http://id.loc.gov/resources/hubs/a3d0098f-eef4-361e-061d-aab7e0f16b70,93215735,95209455,2001317059,2001388783,2008375585,2008375637,2008415529,2009476522,98114124,2015469496,99216836,95107557,96140487,96232330,96139683
http://id.loc.gov/resources/hubs/61fbe44d-25fb-ef45-a197-2d007d8253d9,sf 95098045,sf 93093015,sf 93093015,sf 95098045
http://id.loc.gov/resources/hubs/fc2cf3fd-2b21-68a3-8a98-522269d8fb20,90871753,79202067
http://id.loc.gov/resources/hubs/9288001c-1aa4-8c9b-49ee-98ae02f6d4fe,91015119,86012947
http://id.loc.gov/resources/hubs/702cb914-a92f-b686-1d68-579185841874,74003509,74176047
http://id.loc.gov/resources/hubs/1d598926-78c9-fb05-a2c2-83b98723d503,99573732,77752520
http://id.loc.gov/resources/hubs/0af0283d-6e1e-a9cc-fa20-958da9611e65,81175042,rc 01001494,43029989,64014819,18008107,14018150
http://id.loc.gov/resources/hubs/f6c54831-d943-baf9-fb5c-c6033673bd89,99587571,99587572,2002562362,2006581716,2012620758,2012621026,93701268,94762591
http://id.loc.gov/resources/hubs/07b939ac-b3fa-9d9c-d8c1-fe20848f8dbc,2009541035,2016571582
http://id.loc.gov/resources/hubs/8376411b-42ef-7d24-b952-6543874931d6,2012463688,2015518257,2016457933,2017445582,2018390258,2015381585,2019386944,2019440878,91212976
http://id.loc.gov/resources/hubs/75ca3d8c-06c3-c8c3-f22e-d831b01f7d18,2001553135,48032039
http://id.loc.gov/resources/hubs/b528b610-ae81-6d8d-bbe0-04e09d8bd255,2007297295,2021289412,95018841
http://id.loc.gov/resources/hubs/4a847fd9-f7f4-17e4-bd9a-1f2e464c0e47,2015617474,94704510
http://id.loc.gov/resources/hubs/f19444cd-714a-af8b-c515-e820892bb6f1,73761512,99568278,2009602009
http://id.loc.gov/resources/hubs/0b6bfb80-eb04-e327-74b6-7089d75930f5,2004023117,2006568762
http://id.loc.gov/resources/hubs/c6ae8a96-4e0a-5098-d682-e8a7ae294902,86128141,85202293
http://id.loc.gov/resources/hubs/2077d31b-a359-fcb3-5b6e-43adab0368eb,2007553070,2007553425
http://id.loc.gov/resources/hubs/a93ab2fc-536a-452f-4d98-b005627c053a,83641551,sf 86091835,07016490
http://id.loc.gov/resources/hubs/d622278d-300a-bff5-2715-0f20191f8d68,99586342,2017575759
http://id.loc.gov/resources/hubs/1a47ead1-3322-4cff-1338-4d7b636f640f,sv 89078112,2011213095,2009225603
http://id.loc.gov/resources/hubs/c240bdec-072e-20a6-8fa4-2a60754f7838,85165430,29002277
http://id.loc.gov/resources/hubs/66c02afd-1aa3-4925-36d4-9a5943c2a048,2011003592,2011003592,2019722366
http://id.loc.gov/resources/hubs/e43fac39-3670-5a57-4a5f-2fcfb8450dea,unk84064033,2013569293
http://id.loc.gov/resources/hubs/10a4458b-26d7-a5dc-e545-3d83707881d9,99944283,90915093
http://id.loc.gov/resources/hubs/e4117c94-4ef8-2b3b-9e43-868e1491e170,2009464502,81015537,86019977,82232025
http://id.loc.gov/resources/hubs/fc656ab7-8ee5-7aac-52ec-bc8e25039786,85220870
http://id.loc.gov/resources/hubs/96c9b2b6-306e-6683-3957-6f419cd3aff4,2006416168,94203026
http://id.loc.gov/resources/hubs/e924caee-8910-c4f6-0d29-9d3a120113c7,2019472201,06033027
http://id.loc.gov/resources/hubs/aacf0522-c546-de40-c435-6aab304f3845,77151916,79105528
http://id.loc.gov/resources/hubs/f01d25d5-3218-7573-04c4-a8e1e868ccfa,75008928,97033573,2003044474,61015434,59009402,65016870,67017081,95006444,63014557,00032724,79010361,84020505
http://id.loc.gov/resources/hubs/6824a155-14aa-430d-2432-bacb4d8d2fe3,2002655026,2002655026
http://id.loc.gov/resources/hubs/0dad1d2a-5d63-91f6-7010-fb71c1f9aa7f,92048306,84007267,2001045162,77002952
http://id.loc.gov/resources/hubs/3d602caa-8279-5b99-7313-01f5d7d00d2b,73365624,76532056
http://id.loc.gov/resources/hubs/c70b12c5-c283-ab1a-f74e-5b50e54c51ce,00518050
http://id.loc.gov/resources/hubs/228c3428-ea21-affe-b7b2-80a2605c54a0,78051492,64021297
http://id.loc.gov/resources/hubs/88b0a8f0-d06f-2954-948d-52b55d81b390,2011478063,2014385265,2015385817,2016414516
http://id.loc.gov/resources/hubs/51840b50-5f58-2b05-f169-c79c6dc6cdfe,93827102,94828309
http://id.loc.gov/resources/hubs/a33badcf-eec8-2a9a-9c51-636d2fbfc328,88962442,unk81062622
http://id.loc.gov/resources/hubs/4c8eedd7-5009-abbb-f130-f79b100d6195,sn 97058024,sn 97058012,sn 97058022,sn 97058023,sn 97058012,sn 97058024,sn 97058024,sn2003058030
http://id.loc.gov/resources/hubs/eaf15fa7-8396-32b5-b782-caf6ea7d8b86,2003346870,86962245,2018371882,35032680
http://id.loc.gov/resources/hubs/899cedc7-1273-cbd4-b6e6-bd0ba581a707,r 66000282,m 60001138
http://id.loc.gov/resources/hubs/d49e576a-8907-7ba9-7f44-1a45ed485127,2008580618,af 47003587,74346846
http://id.loc.gov/resources/hubs/4ec3b9e6-9f89-6b49-0f8b-b5666b4b6e76,2005567901,50041765
http://id.loc.gov/resources/hubs/bc30e576-8b52-5aaf-31ff-8ba07acb9077,55055852,2006594100,tmp92001532
http://id.loc.gov/resources/hubs/969400ae-8fe2-6dae-0980-a8cef834f010,00268037,2001045922,2003282074
http://id.loc.gov/resources/hubs/eafc198e-7cb2-9a99-49e6-cd349fc0fbc2,72194414,2002074613,75076431
http://id.loc.gov/resources/hubs/d424b909-068b-4848-70de-e0b545b8be9d,68047383,59020530,56035020
http://id.loc.gov/resources/hubs/3bcafb83-4363-7b9c-b205-728852beb093,2007332798,2016507985
http://id.loc.gov/resources/hubs/8bc44180-a742-ebd4-b0e6-bc0f71991c51,94176003,95162650
http://id.loc.gov/resources/hubs/b2756d64-9521-1cea-c996-eafc2a324bb8,98033658,99461705
http://id.loc.gov/resources/hubs/d319365e-576e-733f-e018-87b2123a1175,2001091051,78068148
http://id.loc.gov/resources/hubs/36876ba8-5cb2-192e-8dd5-8b147a17db66,2015859856,2015492392,2016504132,2017467513
http://id.loc.gov/resources/hubs/04d8a6ff-41eb-1bcf-ecba-4a5e62d12cb1,72750172,74761772,76761632,2006577796,2007590247,2010616549,2012624703,73765404,r 67003059
http://id.loc.gov/resources/hubs/2953bdae-b15a-3a5d-4279-aa969e29c38c,10021962,2002555496,32012468
http://id.loc.gov/resources/hubs/45b6f429-7510-19ab-bcb8-847bcde3697a,75514354,75514351
http://id.loc.gov/resources/hubs/5ebaa4d6-f60f-ffc3-100a-af9b791f0ec1,91750456
http://id.loc.gov/resources/hubs/67d33f6c-0d09-b197-7734-4eff2ae1063c,2008496152,2019357982,88176110
http://id.loc.gov/resources/hubs/5f1facc9-8979-a53a-c3be-649845070256,82770229,45000605
http://id.loc.gov/resources/hubs/bf1e1c32-445a-6044-aa5e-15ebf1b23281,85754713
http://id.loc.gov/resources/hubs/7831bf62-a588-2680-91c2-8d01da744998,89203131,91019980
http://id.loc.gov/resources/hubs/9df93ada-f0c0-8386-ad47-e9bbe5cbdc04,2017502809,2018494124
http://id.loc.gov/resources/hubs/9a6cecf1-2de9-2e8e-7b28-3aeb9540176c,2001389818,2001389817,2005570613,86750496,96700703,98701846,2012570624
http://id.loc.gov/resources/hubs/a5e32188-738a-c2e0-e35b-540aab982191,2016484297,2017435361,2017489041,2017489924
http://id.loc.gov/resources/hubs/ae4dda28-0ccf-47aa-9efe-70082f83586e,2011435823,2017406176
http://id.loc.gov/resources/hubs/44d096b8-9584-85d0-71e8-fb8433e44a77,56048916,af 46001210
http://id.loc.gov/resources/hubs/891121e8-d5bb-2774-8c86-3adb30b95a82,08037762,18009614,18009613,18009606
http://id.loc.gov/resources/hubs/edf6d093-26de-7be2-77fd-eb4441238749,87751581,97706117
http://id.loc.gov/resources/hubs/deac46dd-39d3-0f6c-7b73-1863c9978c93,94038568,98040405,93039256,2014045477
http://id.loc.gov/resources/hubs/9b3bdbcb-5edf-fd8f-17eb-5c6f56ee793b,73013268,06002286
http://id.loc.gov/resources/hubs/3e9a17b3-5b96-630e-bf55-0fec30b7fc8d,94655554,sn 89049685,72624388
http://id.loc.gov/resources/hubs/573439da-52c5-ba52-f625-3fd207e90aa3,2020289604,2003027209
http://id.loc.gov/resources/hubs/ed8aa20f-9338-68ad-36d7-29f8f345f92c,00375667,00714152,2019454270
http://id.loc.gov/resources/hubs/9a69d4e8-436e-8cbb-303e-43785022cea6,2015957329,2016936935,2016937774,2016938954,2016461525,2016461942,2019304739,2016938954,2019723239
http://id.loc.gov/resources/hubs/0217362d-4061-aaf0-e32f-71bb47380589,2019602196,90752976
http://id.loc.gov/resources/hubs/c359fd26-c022-bcaf-5c57-00edd87fec46,2018042247,2012013961
http://id.loc.gov/resources/hubs/c84cffa0-646b-2e9e-8d6d-49976219a293,00536550,00537397
http://id.loc.gov/resources/hubs/e96820d5-af2c-0513-0ec8-155a6f78d74e,2007001627,51008721,70163821
http://id.loc.gov/resources/hubs/34981e8a-99ac-213d-266a-f923f9be62bf,81204171,72193161
http://id.loc.gov/resources/hubs/4ee1ec82-bef5-346c-2407-e7723fda76b4,00518177,00286930,2003336118
http://id.loc.gov/resources/hubs/81311713-15cf-9e59-155b-0950d9ffa662,80675239,81675009,82675111
http://id.loc.gov/resources/hubs/ef6d7839-ca31-1384-6fbe-efca75b46093,81150577,72171284
http://id.loc.gov/resources/hubs/58365199-676c-b4df-1cb9-0e3230588ec8,unk81014990,2012660533,2020449551,unk81014994,79117439,61015990,75097848,77350067,97109166,2002066921,53003464,2001657318,84025543,unk81014991,2010714334,unk81014989,2020449572,unk81014992,2002026489,2003269514,2011276802,unk81014993,2011381611,71031227,2016590289,98195467,2011389851,2005056721
http://id.loc.gov/resources/hubs/121ee789-832a-7885-b09e-a1f2dc36dc9b,2012050743,2018059611,87013681,85753497
http://id.loc.gov/resources/hubs/87eac3f4-3c4f-f3af-8440-2e9597a1a6ff,97130354,97130378
http://id.loc.gov/resources/hubs/54cd1eb4-9392-1203-fd63-26f5a4acd99a,68097700,67024685
http://id.loc.gov/resources/hubs/3af951db-cf9b-9e06-da05-fd6261af9c02,99594926,99578066,unk84065876,93705830,95778341,66093379,2001575907,2002581397,93713513,2007576956
http://id.loc.gov/resources/hubs/3f25695c-958f-8c76-a4cc-0a98b561b0fa,unk84100019,unk84225531
http://id.loc.gov/resources/hubs/ff4e554d-8bf0-9795-59fb-3c29b716a791,2015015904,2015298487
http://id.loc.gov/resources/hubs/54fc0259-6315-9917-ea1b-f009d9504e0e,ca 09000974,sn 94049973
http://id.loc.gov/resources/hubs/115e93f0-d536-43fb-4787-976838d8116d,79413477,83234315
http://id.loc.gov/resources/hubs/deb9eb86-6a3f-b0a6-bf12-7af3b49e0ca1,2005056851,2009455679
http://id.loc.gov/resources/hubs/36244ad9-f140-6f29-6624-11f3f2ff87c1,sn 93048177,sn 93049139,sn 90048207
http://id.loc.gov/resources/hubs/5e85a51b-13be-757a-eba2-076e6d41b8c8,79120309,65010365,52067155,32015071,2003469628
http://id.loc.gov/resources/hubs/e0e2d965-5c56-2844-ccef-b4211e691acd,43038494,2007575841,sn 94004060
http://id.loc.gov/resources/hubs/01e32f2e-807f-d6c9-ca40-3936a3dc10b6,05012907,05012906
http://id.loc.gov/resources/hubs/da9ef9b7-a915-e6c9-32d2-3394f14d7b73,sn 95032133,79645033,sn 95032137,99912903
http://id.loc.gov/resources/hubs/64244d73-d862-9cf5-f6fd-69b6b0cbfd57,2014498694,2016053907,2019623638
http://id.loc.gov/resources/hubs/7f15d57a-aff5-a27d-6fa8-b02d8e9bc8d4,79801777,j 67003812
http://id.loc.gov/resources/hubs/cf8631cd-c027-ad49-aa1d-bfbeba33a235,77954055,94826751
http://id.loc.gov/resources/hubs/097ccb26-dfab-75b5-be7a-53b4b6971846,97461278,84176917
http://id.loc.gov/resources/hubs/796680cc-ee77-f43c-f449-8ea24b8cc34b,99088043,2007386703,87021209,66021588,79370340,76049443,81126643,97023963,97024712,68010895,59020697,65001426
http://id.loc.gov/resources/hubs/dcf1861b-2750-b1ef-1dd6-3b0e8ff38b6c,00319692,00688387,00713627,70019744,2001446714,2001446719,77469694,2004357941,2004404447,2006504342,76486419,78384859,86119149,89156759,2021363559,77562117,81183067,77481793,81470413,73300748,75552665,76461785,77564675,77564675,81470413,78384859,76486419
http://id.loc.gov/resources/hubs/9f9b000e-3a98-fa0b-1402-bf3055840d7c,97207944,2017444156,2017410974
http://id.loc.gov/resources/hubs/8fb5ac1b-143c-6cf5-e34a-1774a0f7b00f,98829437,2009428625,2014393916,84197142
http://id.loc.gov/resources/hubs/6756a1ab-5064-cd4c-70dd-f239ac59c259,82643775,2005217091,2005217091,82643775
http://id.loc.gov/resources/hubs/ba23ec61-2c39-0eb0-d154-59d5cc7e61e7,75013050,87063262
http://id.loc.gov/resources/hubs/7a1543a7-a435-475b-1645-afafd5e69fe5,2002227007,2005214421,2005214421,2002227007,2007222317
http://id.loc.gov/resources/hubs/9ccb7f7e-3fa6-1382-f256-f3a5e021cfe1,2010916471,2017478894,2017299494
http://id.loc.gov/resources/hubs/aafd6f8e-24ca-c22c-e0bc-985c12df91e4,99588213,99590904,00718504,00718968,2005586813,2009604353,2013624953,2014619245,2013620292,2013622304,2015624521,2016629401,2016610494,2016610976,2018627572,2019625481,78750553,80750112,r 66000715,81750418,82762023,84755959,84758150,85743063,85743311,86743112,86755207,87750320,89751851,89752078,89752098,90754553,92755318,93730593,94702342,95705332,97700019
http://id.loc.gov/resources/hubs/ba13116b-e60f-4f01-d1e8-98c6ba1d7211,84137579,84137588
http://id.loc.gov/resources/hubs/a99e1c49-ba7b-89cc-1dc9-520fd732dd77,61019588,61064404,61017807
http://id.loc.gov/resources/hubs/5a5df4eb-2b64-e2ed-26e5-fe02bcf8d227,75142731,51011433
http://id.loc.gov/resources/hubs/2528f3d7-d9ec-c8ce-c9fb-9673e316a22d,2012616352,r 64001051
http://id.loc.gov/resources/hubs/953ea934-6013-b1cd-f9b5-b9526ea116f6,90002865,2004273139
http://id.loc.gov/resources/hubs/76dbfdd5-2b50-c306-9397-36f6aa3f6063,98169853,87171495
http://id.loc.gov/resources/hubs/578b1a18-4d97-8ef1-eaad-9c533ea4e899,2012475286,2013474150,2017439753
http://id.loc.gov/resources/hubs/c8c500b7-7d63-b507-f613-7d1f0dfcb761,2002512718,2003047104
http://id.loc.gov/resources/hubs/44bcf0d7-8c87-dbf7-bbbe-2f35f4ac1fa2,2015492178,2016379059
http://id.loc.gov/resources/hubs/7735352f-80ce-55a9-3502-46ab6fe1186a,10008428,26010825,36004491,52008827,55021007
http://id.loc.gov/resources/hubs/5d991220-a07e-65eb-7ab8-54341691ca7d,2002609846,2018950249,2016932233,2013621621
http://id.loc.gov/resources/hubs/60cd4077-7d7d-e2a6-a8e2-df9d0690b0b2,2009290727,2008399730
http://id.loc.gov/resources/hubs/37c0e0d3-9e64-beef-35a9-0cf7430d33a3,55051844,55051845
http://id.loc.gov/resources/hubs/a8cc8ace-3a0a-cb5f-4518-ee7058de370e,2016591423,70153690
http://id.loc.gov/resources/hubs/547632e5-50be-ac9d-beba-dbcc0c77da17,2019033505,2019033504,2019033504,2019033505
http://id.loc.gov/resources/hubs/b1b7a6f4-e400-2841-3c28-9abd2cb3d494,2003116573,07007544
http://id.loc.gov/resources/hubs/a4fba62a-ebfa-ba1f-ae86-533315fd9143,78359396,71210633
http://id.loc.gov/resources/hubs/57b6a537-4eb1-a2db-5604-9d62573736ac,2015626330,2004366920
http://id.loc.gov/resources/hubs/1c3785f7-e91d-8766-8570-888ab8247a50,78121839,98016131
http://id.loc.gov/resources/hubs/c1aff83a-7eda-ea61-a4de-bc6406c80717,91020628,85047565
http://id.loc.gov/resources/hubs/29826d64-2bf9-baa9-a49a-d43a47c21e38,2003427648,2012515376
http://id.loc.gov/resources/hubs/33bea4db-e558-fa59-6866-5584af989dc8,2016515748,2018403712
http://id.loc.gov/resources/hubs/4bc638e5-d223-b217-e089-0c036f0b556d,2013493353,2015493536,2017440623
http://id.loc.gov/resources/hubs/e3f4b327-ef3a-2265-3f15-65c94a5a71d3,2018305444,2019315338
http://id.loc.gov/resources/hubs/1d34ae94-0313-c3bb-ecbe-b0bbc004813f,66022410,60009080
http://id.loc.gov/resources/hubs/ff29268c-9884-9c85-470a-332ed08d280f,2009509296,2019454116,95855828,55047420
http://id.loc.gov/resources/hubs/caab675e-facc-af37-70e7-f39a4a3300c8,80980394,78980711,81160600
http://id.loc.gov/resources/hubs/1efe7580-bbf5-9cbd-1464-291b74b880b6,2011008810,2008004185
http://id.loc.gov/resources/hubs/ae9e613b-2b8a-48e2-b28d-ec4d544b855d,99567722,99577191,99578246,99578440,99579334,99579949,99582896,2001574566,2001566890,2003562967,2006583247,2007657315,2008647887,2010623022,2014616567,81760672,83743257,83751050,83751051,83751052,83751109,83752736,85753920,r 64000729
http://id.loc.gov/resources/hubs/8947687b-4340-706a-04ba-ca56767df957,2013358258,2017335382,2017335560,2018307825
http://id.loc.gov/resources/hubs/05bf6f10-e0da-d1c6-fa65-feb0a7f8ef46,79394734,80453796
http://id.loc.gov/resources/hubs/5c68c375-8b93-e563-6269-7baa62f204b5,52054969,75763937
http://id.loc.gov/resources/hubs/0dff7e3a-98f6-3f95-6005-eeccead1ffb6,2004556527,97010156,2012470289,83003642,89049634,2018456070
http://id.loc.gov/resources/hubs/158ec3ca-08b4-a914-1051-b36b92b56680,2008561598,2017568582,45032667
http://id.loc.gov/resources/hubs/98ab9c1e-b5e3-13c8-5800-595d1bb9fa0b,2020054496,2020054495,2020054495,2020054496
http://id.loc.gov/resources/hubs/fc9b7961-8dd1-0b52-14fb-a5d02b7a0996,10030192,19017512,37008312,37010732,38015072,unk82072482,78315519,19017511,57053511,22023947,03023706,06020393,06020398,08020658,12003048,19017518,22023948,23016648,24008838,28002888,39020908,06020395,11016115,19017515,22023945,44010175,06020394,09026584,11016114,36021714,71029464,06020399,24006619,24007589,24009829,39020909,41038519,22023951,24006621,24010701,24021471,37008311,38011281,66045401,03023707,05042767,06020397,12003047,15003167,19017517,37010737,78314615,06004216,06020396,08026996,10011856,19017516,22002836,22023946,23016646,24018716,06020400,12003050,12029880,22023950,24021470,40023560,66045400,10012643,19017513,unk82072510,unk82073018,unk83001159,unk82072509
http://id.loc.gov/resources/hubs/d7407530-3222-b42a-9773-6e18afc19a7c,r 59001312,84759593,85753869,r 58001264
http://id.loc.gov/resources/hubs/b16086f8-f2b2-4953-ddc6-eac510c31f56,67099682,99230947,2008370502,2011481864,2013380109,00346731,77457444,2004443935,2004443936,2004443953,83219734,85123144,2006481246,2006481951,2007418841,2009470181,2009501045,2009501022,2012505945,75548769,76151579,2017494015,2018489132,95176669,99209720,95126431,95177271,96180811,97150711,78112157,86128517,77150106,85236886,86131146,89164546,89206326,91217616,94171376,98181626,75545600,77469320,77577440,84222863,85123923,85207623,87400823,88140713,89185153,80100272,80106122,80108272,79120264,93237112,95234072,89186168,74212128,47021405,74215225,96106008,74217891,73339777,74211887,49014236,43004610,75559680,86119205
http://id.loc.gov/resources/hubs/ef47ffd9-b40c-87c5-221c-e30214942751,00690252,2006359974
http://id.loc.gov/resources/hubs/24bf4d31-8af3-fd93-54e7-b598f6ff0653,84071319,77093252
http://id.loc.gov/resources/hubs/94e73633-78bf-a23a-8826-5fa2ebd5128b,2021202469,2021202470
http://id.loc.gov/resources/hubs/f13d3e86-f345-c8c5-0e04-7e0e12931ae6,2013490214,2016471109
http://id.loc.gov/resources/hubs/a85bb6d2-73d0-b5ac-a54b-47b1d1fa0485,95703096,95703181
http://id.loc.gov/resources/hubs/d774918c-2a1c-7188-5c85-2428fdd44b35,76451030,68099350
http://id.loc.gov/resources/hubs/bd39d8da-5a46-b540-c8d4-b49e2fa49059,00579599,00580031,2009547204,67047870,2009547207,67047924,unk84052456
http://id.loc.gov/resources/hubs/fb9590cf-54ca-48c4-2c9b-5cb23ef8e6cc,2006310450,2010309700
http://id.loc.gov/resources/hubs/0e88a4c6-f0e1-af48-ba12-ac2f4f0095cf,62067806,62052500
http://id.loc.gov/resources/hubs/46e0dcc5-6bca-d89f-10fb-0647890d7080,2001329117,2010512712
http://id.loc.gov/resources/hubs/deb2b035-d4cc-dffc-a475-4d68322fae5f,96223909,97149787
http://id.loc.gov/resources/hubs/95122b63-a17b-5024-22f8-91571ca47c5a,74510622,74301806
http://id.loc.gov/resources/hubs/d9bca4c1-ddc4-c3ef-45e0-2822e60a40d9,73167289,74165253
http://id.loc.gov/resources/hubs/71c2646f-d833-f4d8-990b-23d9b4452d76,11024875,68032851
http://id.loc.gov/resources/hubs/3e1651f8-2aae-7575-d7dd-10ad650cb6e3,sv 90068331,90874421,93153845
http://id.loc.gov/resources/hubs/df758e6e-0169-4078-d5b5-f8d5c66b70f8,99577385,00715786
http://id.loc.gov/resources/hubs/7b73821f-c47b-b668-8667-5b36f9d882f8,52049616,53052133
http://id.loc.gov/resources/hubs/e75dd546-5baf-5da4-82fa-918cc0a7687d,99572576,77751036,77751037,77751036
http://id.loc.gov/resources/hubs/41e47607-118b-1601-4a0d-e227a8b48156,87038137,49033507
http://id.loc.gov/resources/hubs/6296e4a6-68e4-cf76-2347-80294b0ccd65,88205896,94828263
http://id.loc.gov/resources/hubs/8563099e-6342-6dbe-960c-9a3905a47f34,99569891,88750153
http://id.loc.gov/resources/hubs/ba8afc25-e1aa-87fc-4108-3471f57cdc21,81770646,83750520
http://id.loc.gov/resources/hubs/be262134-ab33-7bd1-58c2-724f5adce35b,2011007670,95042107
http://id.loc.gov/resources/hubs/1fc7bcb6-f36e-ea56-1d57-a2bcfb104781,77357939,71102523,2004063466,40022630,64004741,30003566,95113807,56002548,37030944,50010969,56008735,89001732,48026290
http://id.loc.gov/resources/hubs/da8f3f3a-370e-4fb4-0954-07f70782c10d,89754015,89754262
http://id.loc.gov/resources/hubs/77cf2280-229d-fda9-546e-0a1e2241edb6,2001641183,fi 62000004
http://id.loc.gov/resources/hubs/56384b12-bff7-0fb2-d1cb-748da7a4cc13,2021024260,2021024259,2021024260,2021024259,2021024260
http://id.loc.gov/resources/hubs/e4b59675-a787-bd3d-aadf-04fa08d6c6e3,66038042,74195671,79352593
http://id.loc.gov/resources/hubs/e83dceb5-321f-abce-aa8e-35379f0310b8,72092279,65012398
http://id.loc.gov/resources/hubs/2380ea6e-e2e5-9636-2591-96cf02dd8550,27007092,2007013174,48007123
http://id.loc.gov/resources/hubs/1e7bcb59-8783-227c-7b9b-a410506db996,2009288400,2010483803,2017470068
http://id.loc.gov/resources/hubs/c3c351d4-6d0c-723d-8206-f97095db6f3b,78027169,2019018920,2019017357,2019017357,2019018920,76378495
http://id.loc.gov/resources/hubs/a00f6c1f-22f2-c783-dd59-a7be6d1519e8,2012200686,2012201212,2012201212,2012200686
http://id.loc.gov/resources/hubs/62acb3ef-850b-76f7-3806-b1e7244c9038,74075047,68021513,63010438,79023269,56007092
http://id.loc.gov/resources/hubs/9dd34f1a-f579-7704-a76c-95b6ca85f747,2006321776,2011332144
http://id.loc.gov/resources/hubs/db0f343d-cc36-a749-c8ef-42a3fd75ae6a,77380804,68027589
http://id.loc.gov/resources/hubs/91b537af-30cc-2ffc-899f-30f8b5219070,70586971,75393462
http://id.loc.gov/resources/hubs/8ea18560-dc12-1d4c-c234-9ddb50008616,96047171,94010555
http://id.loc.gov/resources/hubs/c07382de-17e6-f0d3-7d78-cafcce77816d,75917116,80901628
http://id.loc.gov/resources/hubs/0a7a7e9f-8f7b-ba7a-778b-e065d16cf70c,2015621151,unk84169939
http://id.loc.gov/resources/hubs/585081e3-c848-e157-8c77-5d3c6cb6e5be,70264577,2016441032,2001295512,81155017
http://id.loc.gov/resources/hubs/65afd545-21fb-df26-91cb-ba25b24bc13f,2015626827,r 62000128
http://id.loc.gov/resources/hubs/6aad787c-747e-16a5-b6b6-401728f77250,86006811,2004555538,78101888
http://id.loc.gov/resources/hubs/bb3f1fc3-9ef9-a2ef-991d-aa0c9b61999a,2004040886,unk84036780
http://id.loc.gov/resources/hubs/c742a875-faa8-afa3-b0c4-7191f91a60de,99567710,99579427,86755196
http://id.loc.gov/resources/hubs/ae5b1b55-3c07-47a7-58f6-7e72dff9a179,92006620,54010358
http://id.loc.gov/resources/hubs/701f14a1-e3cd-155c-cf90-685a99ec76a7,2014942243,2020024610,2020024609,2020024610,2020024609,2020024610
http://id.loc.gov/resources/hubs/7b040264-b5c0-5edd-a683-17f962b47c4d,unk84217972,77770068,68048741,unk84143656
http://id.loc.gov/resources/hubs/6f9d24b9-98c6-f4a7-d5ba-d2bbcb0481f6,unk84149809,unk84082528
http://id.loc.gov/resources/hubs/a421c4bc-df78-21bc-bf4c-485f951d582c,2018004973,2018002171,2018002171,2018004973
http://id.loc.gov/resources/hubs/7bbec637-f1d3-a63e-f264-f8567edc92fc,73327938,75509813
http://id.loc.gov/resources/hubs/f48e74ef-7b73-c9ab-55bb-8752b6ab20d0,93019468,87021070
http://id.loc.gov/resources/hubs/5c92811e-0050-8877-ebf4-a68c351aeb48,78356259,77554165
http://id.loc.gov/resources/hubs/daa11bc4-a370-f163-0b79-cc88b4401430,2018026681,2018019125,2018019125,2018026681
http://id.loc.gov/resources/hubs/579a3453-e03a-5f1d-0b6e-556ec78953bd,2017603512,2022600059
http://id.loc.gov/resources/hubs/a1cc26a8-950b-5c5f-7467-378b2544ded0,unk84018132,78349421
http://id.loc.gov/resources/hubs/b68a0cdb-23ce-2bc4-cadc-073ca62b9333,77017188,75318064
http://id.loc.gov/resources/hubs/7a866864-9379-972a-ff05-9d7c098d7f0d,77013084,54008845,72102045,73019889,84013442,65012341,81013973,90046905,60008506,87025831,51003149
http://id.loc.gov/resources/hubs/b0925c80-8e4e-dad7-0d3b-8922fb628181,2014012184,2009659277,89007215,81016838
http://id.loc.gov/resources/hubs/15dbf895-a865-5d2c-c252-ef7444b09b2b,2017023834,2009036414
http://id.loc.gov/resources/hubs/811a460f-fdf7-feb3-0b2f-8f58d3f58ba5,00301448,99595514,2004354086,2004575242,2014617177
http://id.loc.gov/resources/hubs/0128e5c2-238a-c724-5ab9-eca0bf123da4,2014422342,2016392600,2016455052
http://id.loc.gov/resources/hubs/c76e0dfd-8429-7086-c2c9-d646dda3af4c,86750432,86750520,91755612
http://id.loc.gov/resources/hubs/3c678061-157b-cee7-4ad3-015db822b650,unk84227903,ltf91022718
http://id.loc.gov/resources/hubs/089d8d3d-98f3-24cd-54e8-213e93246652,2018658050,unk83080803,05030952,24012264,2018658049,unk83080594,2018658051,unk83080804,g 01002789,unk83080591,31007330
http://id.loc.gov/resources/hubs/2ba2dca0-568f-a376-7b3f-ec782d741d05,sv 90012069,sv 90012013,sv 90012020,sv 90012023,sv 90012026,sv 90008880,64055943,93656559,60045954
http://id.loc.gov/resources/hubs/9c8b5f98-ccf0-8a39-c4a8-916e5119d902,89755291,89755293
http://id.loc.gov/resources/hubs/48a4670b-a307-3976-838d-e50b60e3c908,00718482,r 67001145,r 67001144,2006580416,2020620684,96701822,94703327
http://id.loc.gov/resources/hubs/e98d579e-1092-139d-a0a1-855579a13223,92235468,89116511
http://id.loc.gov/resources/hubs/f77abff9-bc02-6086-ab3d-fc5d16051aaf,73007299,89137816
http://id.loc.gov/resources/hubs/045732b7-bb75-1f30-0dcd-0d772bc2242e,sn 94048226,sn 94048227,sn 94048228
http://id.loc.gov/resources/hubs/3534bff5-7f24-93d5-3c0b-0830f371dbb8,2015430147,2002028653
http://id.loc.gov/resources/hubs/e14f6172-5dc6-5f08-62f5-37a640ce828c,2015300827,2013474089
http://id.loc.gov/resources/hubs/f1cf5029-4b0e-7756-a534-a863aad6ac47,99584994,2001537690,r 67000628,r 67000624
http://id.loc.gov/resources/hubs/b72f2e64-6a91-a9aa-4679-c10453ae4b21,2017380088,93180292
http://id.loc.gov/resources/hubs/ec84f5e1-1445-406a-f02b-55a1633e277d,2020203271,2020203272,2020203272,2020203271,2020203272
http://id.loc.gov/resources/hubs/f38c954f-f753-b7d7-5a3d-c889c60456b4,35036469,07018971
http://id.loc.gov/resources/hubs/a8c87b11-3fe1-0173-a515-102acc649720,90201634,2010488310,2012469046,80125496
http://id.loc.gov/resources/hubs/20f60100-123f-58d6-ed4e-4b12318f6b8d,99585556,2017616346
http://id.loc.gov/resources/hubs/16adc6c4-c35a-5ebb-5e45-cba0db36627c,85027249,2017052622,74001362,unk84053807
http://id.loc.gov/resources/hubs/d3dbcff8-b854-ede9-ca31-27b2b3efae14,2016022096,2016021768,2016021768,2016022096
http://id.loc.gov/resources/hubs/a7d9276c-adba-90b0-5e0e-3b0613ef1735,75520236,73101635
http://id.loc.gov/resources/hubs/0156df72-4a40-273f-238c-d21af23eb6b2,86033225,81008116,74028070,69010931
http://id.loc.gov/resources/hubs/0a358ac4-31f3-fdea-058d-f07876bf1ccb,80498960,79374684
http://id.loc.gov/resources/hubs/080ecdb4-8047-29e9-88e1-17c25fef538b,94042608,94042608,2019714880
http://id.loc.gov/resources/hubs/715facd2-b067-cb58-2a1f-bbc7db134a64,94827490,96829152
http://id.loc.gov/resources/hubs/08129f4d-f5cc-f616-5596-a70fdcab6618,62015381,82000951
http://id.loc.gov/resources/hubs/df340dc6-8ae8-c387-58ca-d672449f3d29,2014620431,2014620432
http://id.loc.gov/resources/hubs/6591643e-26f9-4356-7e39-96b20b1d4d43,2020363477,2020450839
http://id.loc.gov/resources/hubs/932cf98d-46ce-b6f9-88e6-0406fd518eb2,2010655075,92025396,92025396
http://id.loc.gov/resources/hubs/6c19fb80-67e9-0307-65f5-efbd6f9153c3,2010665933,2010666206
http://id.loc.gov/resources/hubs/29641577-4505-a61f-2185-d15ab0cb27bf,91751996,91751996
http://id.loc.gov/resources/hubs/38279d76-f1a9-1367-d4c1-8dafccd3c90d,24031741,24031743,31008553
http://id.loc.gov/resources/hubs/f1d10fa7-e531-0ac8-d5b7-f89fbc3a7a04,2001034945,00456375
http://id.loc.gov/resources/hubs/a013a002-45f6-1ac1-b2b6-73b883e1d72c,2002074579,91047089
http://id.loc.gov/resources/hubs/6311e0b9-5757-e6b2-aaa3-e74454796833,98002605,96123268,96123267
http://id.loc.gov/resources/hubs/8cade737-85cb-275d-6f60-71812fa9c9cc,2001331279,95206148
http://id.loc.gov/resources/hubs/49f506fe-297b-0174-8257-147f2362f9af,90025823,56036473,77014293
http://id.loc.gov/resources/hubs/44040bd5-2ee8-a3e9-45c2-2bc082c48d97,2019011931,2018037209,2018037209,2019011931
http://id.loc.gov/resources/hubs/bed6ba2d-f420-0522-d387-887d4d9f0e45,06001862,unk81044367
http://id.loc.gov/resources/hubs/4970536c-2dfb-e4c3-e45b-e61b5e00e224,2003498955,2003498954
http://id.loc.gov/resources/hubs/dd86ace7-b1f9-0c42-3381-1b94f0c25081,2020210301,2017210146,2017210146,2020210301,2017210146
http://id.loc.gov/resources/hubs/c7fadd93-4e2c-e0a6-7e72-08ba7fe7156d,60009264,59062610,59004724
http://id.loc.gov/resources/hubs/27283927-a9fb-5145-b8ec-01b64f5b040b,2019300131,2012288520
http://id.loc.gov/resources/hubs/4dbb61cf-2fcf-cda7-0bbe-680fa97e3eeb,94012884,99011589
http://id.loc.gov/resources/hubs/9adf72be-1e93-79d9-7684-e54efe6db592,85752962,98709316
http://id.loc.gov/resources/hubs/846ac782-53be-78e9-4baa-bda1fff157b2,2003453483,2010428786,2015523666
http://id.loc.gov/resources/hubs/9fda1b06-a6f4-0804-162e-2717b91c7e68,00507916,64042117,64042115
http://id.loc.gov/resources/hubs/8438751e-a226-1578-b409-239c54d74b2d,96133621,2021698851,2006582208
http://id.loc.gov/resources/hubs/7a617b6b-a4bd-6335-a49d-486784c17397,84756883,91757619
http://id.loc.gov/resources/hubs/612a95e5-35eb-a67f-00a7-5d63e2d465cf,unk84201233,99480160,2007563599,2007563892,89756047,90750507,95706725
http://id.loc.gov/resources/hubs/89939dab-0d48-9abe-00ef-00546cde7e12,2014499068,2015502502
http://id.loc.gov/resources/hubs/1a773dc6-55dc-c0cf-1a91-1fa176500beb,2013008231,2003004404
http://id.loc.gov/resources/hubs/420e5616-5615-e1a6-295c-e8ba0ddad4ac,sf 94092762,sf 93092468,sf 93092468,sf 94092762
http://id.loc.gov/resources/hubs/f87771de-f733-6746-28c6-c59acc165d3e,88020609,82010964,93040771
http://id.loc.gov/resources/hubs/4e01c9f3-40dd-89a0-427d-c829929eba02,2011323061,2012450858
http://id.loc.gov/resources/hubs/6762e158-0036-15c5-ff1b-d87e43411e86,r 62000782,00525749,99570837,99574791,99575720,99575738,00718855,2001563544,2001336850,2001558480,2001565780,2002562005,2002597940,2003643182,2003608757,2004561548,2005651470,2005651469,2005651937,77750548,77750549,2005651604,2007650140,2008647786,80750402,81760508,83750637,84757002,85743149,85750698,85754337,89754628,95704559,r 60001188,76761335,r 62000781,r 54000447,r 60001187
http://id.loc.gov/resources/hubs/04a54203-9496-edeb-02d7-bf8b537e879c,2008275178,94025206,92223582,80138782,2006274749,76371719,77364851,60010867,96024338,98031438,99026432,79101478,2010479150,95052436
http://id.loc.gov/resources/hubs/c8b0358d-6ee2-58cc-77e0-698b0ad0e9bf,74491094,70084166,76010748
http://id.loc.gov/resources/hubs/f03c8812-a5a6-bb99-65cb-222662390c21,90039515,2007657908,tmp96032019
http://id.loc.gov/resources/hubs/b7807540-7695-407c-18a6-0ae151f467d1,00459994,72761866,49037513,m 53000753
http://id.loc.gov/resources/hubs/1c3ad4e0-b9b5-6e9a-a5e9-7a84fa9144be,2019390751,2019390752
http://id.loc.gov/resources/hubs/404c8200-bd7b-b514-f612-fdda11a1b6e9,65066285,44013234,2012445625,2013419400,94238872,95208432
http://id.loc.gov/resources/hubs/9654b8e3-254a-4979-f0c0-ffdfeaf17386,76457022,70495293
http://id.loc.gov/resources/hubs/300d21cc-b44e-904f-c2c6-4c7ef58c3b2e,83961902,78960445
http://id.loc.gov/resources/hubs/723e4b5d-a622-f06e-544a-32aa4b8d94f5,92190630,33005164,48036476
http://id.loc.gov/resources/hubs/b82d0ef9-61ec-ca77-5e49-fff71ff22861,2016521228,2020399378
http://id.loc.gov/resources/hubs/bb136700-a698-2f7e-1a22-9682be29eb20,70013444,75582439
http://id.loc.gov/resources/hubs/c7910d56-3794-bb37-40c1-3632f7b7664d,89030833,90138098
http://id.loc.gov/resources/hubs/dfa222e3-1ad8-15a2-2b32-c9b59c1e5203,99479811,79272767
http://id.loc.gov/resources/hubs/6884574b-205b-07fc-9944-ec936443a30f,59061781,56061612,79643738,sn 92023485,46026632
http://id.loc.gov/resources/hubs/0af93026-672c-8509-f286-cb89942c3613,2014011358,70878946
http://id.loc.gov/resources/hubs/020c8dbc-514a-5325-2660-f334b7d831d8,2002553511,2002553512,2008401854,01001093
http://id.loc.gov/resources/hubs/adc2ec01-a6fe-4dac-1025-cb7fb06de7f2,43051102,93627427,43051102
http://id.loc.gov/resources/hubs/627b3637-1480-4391-1e6b-15b9e4ef576e,78320301,2007028715,70179066
http://id.loc.gov/resources/hubs/e57245f9-76b4-2434-1afb-8c1c7f796720,2005035878,2011048487
http://id.loc.gov/resources/hubs/fd1b4c8c-ce35-5ece-3a41-3ea40c4dddf9,46033357,46035207
http://id.loc.gov/resources/hubs/30dc40df-4419-e6e5-9456-c9ae65481d2d,2015468754,2019450298
http://id.loc.gov/resources/hubs/b597c700-9994-8c19-8849-2b2864b8774a,79127410,83208914
http://id.loc.gov/resources/hubs/4a84fca8-3d4d-778e-0778-8bc4b1eb55da,2010658844,2010659083
http://id.loc.gov/resources/hubs/e6a1e071-c718-b59b-53e7-6f979980340a,2005560525,2018571739,2018571749,79771434
http://id.loc.gov/resources/hubs/34098fd4-72e9-d4f7-d88b-6a850c9a2a11,m 60001372,m 60001602,2015563344,m 61001212,00584044,93704822,52049424,64049547,99390492,00582648,99470295,99391500,2003647006,99470303,93707703,2002655068
http://id.loc.gov/resources/hubs/0cb09e51-ac8f-669a-b517-a8d894944ab3,81675002,74187212,79689686,80675311,83675118,81675718,76381922,74187211,74187224,75690196
http://id.loc.gov/resources/hubs/d40bec5d-8937-c36c-bfe0-83c1cdee23d9,74009374,75314698
http://id.loc.gov/resources/hubs/8829b50e-e37d-4e63-bfa2-7100b47f3ffc,66011709,68088710
http://id.loc.gov/resources/hubs/fc9c034f-2174-3f95-6842-b90e2e9af4fa,91025246,2008051665,65019429,80025775,73008689,86000180,2002029860
http://id.loc.gov/resources/hubs/3fff197d-b099-6965-3edc-4dfaf8a9808b,2008427159,85116338
http://id.loc.gov/resources/hubs/f6d3c7d9-09a7-d9df-ac5d-cb66317343bf,r 68000067,r 68000136
http://id.loc.gov/resources/hubs/a128085c-9b2c-cb90-c6c7-2f7bb1c10a32,2002554298,98186642
http://id.loc.gov/resources/hubs/557f29bd-dd3d-c123-51bb-e5bfbe10f412,2013210018,sn2007058184,sn2007058184,2005225175,2013210018,2021270619,sn2007058184,2005225175,2013210018
http://id.loc.gov/resources/hubs/68afcd50-4585-3212-f9b2-994272ee9955,2015521785,98130923
http://id.loc.gov/resources/hubs/9e0d9e91-c5da-e954-00a0-ea50edbe836a,78109976,70031623
http://id.loc.gov/resources/hubs/ff2a625a-9078-c104-0526-2a692a54a2fa,67009244,67010368
http://id.loc.gov/resources/hubs/021df4e8-27c1-590e-4e32-9111b0f1044c,89170776,88040100
http://id.loc.gov/resources/hubs/376a8855-4953-f823-6eb3-832c55825b93,2007281065,72408249,68013846
http://id.loc.gov/resources/hubs/51cd2069-afe9-3274-321e-a6956dc6c050,2008554489,94828016
http://id.loc.gov/resources/hubs/13abf26a-51c0-3f7e-2e3e-9743004c2c88,2021286139,2006264603,81138671
http://id.loc.gov/resources/hubs/492da4a4-3c70-dc87-2723-9d1af8e48f34,96859004,52033320,77355929,78420492,85015688,48042963,52033307,40016338,71532269,52018044,48024719,48025997,73317749,76500668,79850753
http://id.loc.gov/resources/hubs/a618544c-40b3-bde8-6ec9-1d83a46d4097,77165703,2001048606
http://id.loc.gov/resources/hubs/6c4b0819-674c-0813-92eb-ab933b1287c2,72001630,09017826
http://id.loc.gov/resources/hubs/fb788a29-c5e6-6284-de57-059c940f7016,90014214,73004087
http://id.loc.gov/resources/hubs/44731a7a-71dc-6310-6aa1-5428f516f0ce,00582427,00585309,2001660666,2016560637,2016561644,2016561643,2016564058,99390485,99390487
http://id.loc.gov/resources/hubs/53935771-a59a-9591-8774-518e4cac3e66,2017288592,80476512,2016591425
http://id.loc.gov/resources/hubs/0e9963a9-a9d9-cec9-88a6-4a782d86fbcd,2016459318,2017462129
http://id.loc.gov/resources/hubs/436a9837-5e8c-472f-ba1d-c56cf1390dbd,2010668060,2010467411
http://id.loc.gov/resources/hubs/fd409130-33f3-2716-323a-dd7601b5a823,2009605676
http://id.loc.gov/resources/hubs/24358438-aded-7bae-9561-6a53b1434d01,76761450,unk84087370,2010622164,76761450,unk84087368,unk84087369
http://id.loc.gov/resources/hubs/1ba9320a-3f9d-ef05-7dc5-baa6b6939c3f,2014626156,2015620545
http://id.loc.gov/resources/hubs/e6baec93-cbe8-7715-f4eb-85e34cf9ae0a,96904000,96904000,2007214807
http://id.loc.gov/resources/hubs/3fda3dac-6515-bef9-10a0-8e78c647a426,99593428,00715486
http://id.loc.gov/resources/hubs/8625e162-403f-3fd1-7910-a90b7921b627,99591135,2002614108,2009603644,2009603646,2016617451,92755124
http://id.loc.gov/resources/hubs/3f356087-1a40-c80b-fcc5-1ee138ff6c5b,99574570,99576024,r 64002351,r 64002353,2005655834,r 64002272,r 64002352,98702237
http://id.loc.gov/resources/hubs/9d4a3f07-da3c-4d2f-d235-db9826493931,m 55001748,unk84203998,unk84137016
http://id.loc.gov/resources/hubs/56a10a71-2d6d-25ab-32db-1b10b4053308,2002029075,2006365884,2006438758,63034878
http://id.loc.gov/resources/hubs/96200853-6cf0-f2ca-6027-a20d09078b9c,85143829,76825421,77826941
http://id.loc.gov/resources/hubs/15700372-b5aa-f5ad-3947-9ce64f5fd6b3,00282012,2004343800,2004343971,2005309394,84931694,2006312359,2007377846,2014323409,2014363448,2017334108,2018306440,2021321516,87932067,93930077,96930027,76930250,80931060
http://id.loc.gov/resources/hubs/df901756-15f7-1ba9-1afb-465aa7fa4e8c,2002030211,2007004848
http://id.loc.gov/resources/hubs/df3c191b-c530-b53e-6b1e-12952b418bec,78106146,78027064,61006383,73014546,55014999,66010761
http://id.loc.gov/resources/hubs/6733eb10-3076-ecd8-f53c-2bf917a61485,97187320,2001447819,94160208
http://id.loc.gov/resources/hubs/577e3bca-3082-7530-6830-26a2b5086dc1,67077391,78369859,80117910
http://id.loc.gov/resources/hubs/46f39ad0-c97c-0c5b-148c-72046d989ba2,2010410287,2019479489
http://id.loc.gov/resources/hubs/e5a07063-8a3e-14b7-47b2-0ddcaa2d1ad8,85149045,59000903,2016679606
http://id.loc.gov/resources/hubs/04c24f10-d068-6051-5f7f-ea839edacb2b,98901795,87903990
http://id.loc.gov/resources/hubs/c58cab6a-c6c6-5515-8a66-c89ef8852bfd,98053149,77353520
http://id.loc.gov/resources/hubs/c1746186-fc1f-a7b5-25e7-82cd3ee935ca,66003353,86031502
http://id.loc.gov/resources/hubs/12131b04-9476-5a64-c875-67706ee1bd93,66048473,78348788
http://id.loc.gov/resources/hubs/9db7fac0-445c-b973-08cb-803bbfd95142,08019960,73087312
http://id.loc.gov/resources/hubs/ec0fdebd-3a22-46d2-175e-55e09eeba849,60050457,2010563179,2018563768,09031223,09004455
http://id.loc.gov/resources/hubs/b6ddaf7e-187f-906f-fbba-b9c5fbede794,94700727,95701599,98705221
http://id.loc.gov/resources/hubs/a2851a94-d450-f8bc-c209-6a2a47b9a5c3,2014422354,2014422362
http://id.loc.gov/resources/hubs/148ed2f4-cf26-b664-cb96-d3e79e69ede9,2018022396,2018007499,2018007499,2018022396
http://id.loc.gov/resources/hubs/feb80509-9dc9-612b-a9c9-8fd1c888fc00,j 66001756,79810733
http://id.loc.gov/resources/hubs/b9356f56-54c2-f3d4-c04b-66303b0956e1,2017001909,g 01000666
http://id.loc.gov/resources/hubs/7b88a3ce-a3c2-e0db-7cbd-c55e1bcb12be,73175434,72008727,86026515,74023999
http://id.loc.gov/resources/hubs/3b7b6c4e-abb9-2a53-12b4-e3caef765521,2011560300,2011560301,2011560499,2011560500,2011560501,90751864,52054327
http://id.loc.gov/resources/hubs/a80f15bb-196e-2706-fc2c-156c64e7e74c,2004645111,89048603
http://id.loc.gov/resources/hubs/0d80bfe0-2c67-6a5a-b3b5-aae877549d16,75570761,77460158,57033163
http://id.loc.gov/resources/hubs/aadcd454-62a0-c5ad-eddc-30e1030d1d52,59005508,64010682
http://id.loc.gov/resources/hubs/97ab05be-21f2-1d7f-6b1c-74aaff87ed43,2019329314,2018316352
http://id.loc.gov/resources/hubs/52ccc41a-6990-82f4-6946-bdb795eca6a4,65053245,63028441
http://id.loc.gov/resources/hubs/2af828ba-f483-fc06-7e8a-01cd9ed98ae9,96026466,79000012
http://id.loc.gov/resources/hubs/38dd9142-27f7-4da9-2831-0611e736bfa1,2009374691,85168473,87122276
http://id.loc.gov/resources/hubs/c1af413c-3d30-2c01-0cc7-a4fead038bb4,2009440840,2016561431
http://id.loc.gov/resources/hubs/365e010b-d6b4-b366-94a9-d6cb5ec5dffc,16012872,70133659,96007371,79054346,96054616,10011207,16007190,22009540
http://id.loc.gov/resources/hubs/b4020170-75f8-508f-34bf-1f147f3caecd,94120729,95461450,80841128,84157300
http://id.loc.gov/resources/hubs/2cc9ff1a-3608-3822-651a-1e2d4a38d009,94233234,41033252,86002572
http://id.loc.gov/resources/hubs/9009d59f-a171-2061-35fe-a94e82964db8,2004030353,2004030371
http://id.loc.gov/resources/hubs/124a1b2d-0723-3d8c-ef29-23de6165d0fe,2016396918,92231529,93162758,84100545
http://id.loc.gov/resources/hubs/08a7cab8-255c-c1f7-b117-d15f1199a2ea,99508807,2004465075,2005378772,2020457710,21021811
http://id.loc.gov/resources/hubs/ee2993a8-6959-0311-dc72-6e123a6de0e1,2010508656,2017414172
http://id.loc.gov/resources/hubs/aaa52f1b-8d83-323f-84b3-25b5709e8baf,57007888,92045789,56058163,92015889
http://id.loc.gov/resources/hubs/127cc55b-a386-7e46-2917-f61e319d2d3a,2011043809,2012038400
http://id.loc.gov/resources/hubs/05747217-217d-2876-824c-d6d2bd2607af,2021038342,2021038341,77188869,2014044465,2009046180,89061344,81082530,68010100,96021799,86060483,2006044772,76020839,99023645,2021038341,2021038342,2021038342,2021038342,93010415,2002019603
http://id.loc.gov/resources/hubs/273344c1-4a7d-c952-76bb-e7d997dadf5e,2014480826,2015412782,2017386676
http://id.loc.gov/resources/hubs/590b1bcd-ec2c-9141-fc63-a1aa34db65a2,99506180,2001309368,2004420075,2006449128,84940699,97945269,97944530
http://id.loc.gov/resources/hubs/3cacaff8-4168-b92a-d42e-ee565ebe4aa3,00291904,00375718,00377711,2001533986,2001316190,2007363883,2008429394,2009453238,2009474894,84254459,84172216,82237980,85210048,82111052
http://id.loc.gov/resources/hubs/3e23463c-3133-87a8-42a3-47d866aec76b,93711740,92778180,2003588322
http://id.loc.gov/resources/hubs/ad9a81b8-0d84-8fb8-9b2b-7ffb5de53a43,2016615276,2018617438,2018629664
http://id.loc.gov/resources/hubs/8321615d-20e7-7560-31df-5736f31ccb3d,61006898,61003460
http://id.loc.gov/resources/hubs/b37c025b-72d0-fb02-d747-f04e6dc75d4a,sf 98073783,2006318288,2022270541
http://id.loc.gov/resources/hubs/8f27c27d-59cc-b20e-f012-2df1b82723f3,2012626112,2013619688
http://id.loc.gov/resources/hubs/65abee2a-3c11-6e36-0217-383313321db8,,75323272,36010695,36003494,30003547,40006247
http://id.loc.gov/resources/hubs/31dd5320-38c6-dfd0-5b18-e7bc9ac4c33c,97904016,93903857,91904406
http://id.loc.gov/resources/hubs/762024c5-dfbd-63e7-f0de-b73e07c94e91,77761539,unk84174249
http://id.loc.gov/resources/hubs/5167794f-501b-597e-a91a-6a3076e9171a,unk81044977,sn2004058053,sn 89049392,sn 89049392,sn2004058053
http://id.loc.gov/resources/hubs/d4a432b3-0f8b-0f34-9e82-26f56339a90b,83024654,90005036
http://id.loc.gov/resources/hubs/3121ac07-01fc-0443-a768-0b374257cf48,2017481050,2017481051
http://id.loc.gov/resources/hubs/2f797e93-c9ed-0521-f8f5-d4d99644fbfd,88012698,82010044,74167497,76018775,2003048763,63011855,00055039
http://id.loc.gov/resources/hubs/5c4f1ec3-d06f-a1be-93d4-3c7960fe896d,2014040943,2018058204
http://id.loc.gov/resources/hubs/49ea6808-c7a0-58eb-7c1e-085816911e42,98110713,98155487
http://id.loc.gov/resources/hubs/9146f894-ccca-6164-b52b-9feefae1a416,99180324,89158926,80477283,37019235
http://id.loc.gov/resources/hubs/57e4d97e-8a94-5e09-289f-fc37b1825ecc,78264031,75574664
http://id.loc.gov/resources/hubs/51492c70-33a5-04ea-72eb-9dc890a149ef,2006580283,00583443,2016628337,2006581633
http://id.loc.gov/resources/hubs/e770751a-d124-860a-61a1-6edaec5b37ba,78360874,78324650,87152576
http://id.loc.gov/resources/hubs/16fc71c9-3672-2359-a152-ba8b47dc10a1,10012852,70489760
http://id.loc.gov/resources/hubs/0bd39900-f8cb-6324-42ab-81e0c834e95f,j 61001922,84110950,92199249,72816758,73802155
http://id.loc.gov/resources/hubs/a97d2953-dc94-375c-9970-fef8ab975cab,78645184,2011268020
http://id.loc.gov/resources/hubs/93e29524-9ab3-909f-a14b-a1802b6081ff,2020023543,2020023542,2020023542,2020023543
http://id.loc.gov/resources/hubs/5d971adb-0ba2-60af-6a12-6a2ade4dd133,47038726,sn 88088269
http://id.loc.gov/resources/hubs/a3b6aeb5-2156-0c4c-18dd-e7042dfbf2b2,94156735,84003002
http://id.loc.gov/resources/hubs/d804fc56-8031-5d81-e520-e2f260a96c45,2017961018,2019724634,2017961018,2011014294
http://id.loc.gov/resources/hubs/2d339377-5a28-8c2a-f73f-e12ef4494726,56005787,64000395,46006716
http://id.loc.gov/resources/hubs/f2a2ea61-13cb-3e23-9a60-1c41322b05b1,78382669,51055031
http://id.loc.gov/resources/hubs/1ccf5984-7821-7b33-281a-d1b39c7b01e8,2017416767,84051516
http://id.loc.gov/resources/hubs/29a91ae5-77fc-27de-a8db-30aba2ef7ed6,32003752,33027022,46038952,2004059535,83001807,72172426,72865676,80125696,92036570,93155272,96083638,51011019,62009450
http://id.loc.gov/resources/hubs/fa57cab8-7846-9cbe-98e6-df8e890840e1,2009013883,2009024648,2010291783
http://id.loc.gov/resources/hubs/3034d351-1ddb-6e1d-16f5-555079c1bef4,92000741,52012032,42019010,61016282,18001383,2014427162,84045859
http://id.loc.gov/resources/hubs/fe970a78-2909-18d9-5084-bf546c383eb0,76492054,49029169,52027429
http://id.loc.gov/resources/hubs/5d19e318-76b3-6533-ab3b-530b83612036,2002321424,98825769,88080990
http://id.loc.gov/resources/hubs/81801c82-013e-fcb5-a4cd-bf45f924ea5b,90013331,83006530
http://id.loc.gov/resources/hubs/581de959-262a-d675-dad7-fb6f6c9ba9db,61004542,77558637
http://id.loc.gov/resources/hubs/c9553aeb-b793-e10e-963e-abd97bf1e8f4,87117088,26018491
http://id.loc.gov/resources/hubs/8ea81d1b-4c9a-7f73-41bb-9123969867fd,94704348,94704351
http://id.loc.gov/resources/hubs/5f9623fc-0d27-5b15-96d3-db86c2ae99ec,2007564857,94765106,2007564124
http://id.loc.gov/resources/hubs/0c7631bb-ea28-4b46-5871-09dedb25227f,74155563,72093885
http://id.loc.gov/resources/hubs/4b23f214-ffd3-84c9-ffcf-282485239231,2015021164,2011389949
http://id.loc.gov/resources/hubs/0de58b1d-9e55-c2d4-345d-ac1700a91234,87001915,80014137,90030257,94030236,99016226,57008148,61004562,71143545,66016909
http://id.loc.gov/resources/hubs/a1d2d471-4454-04c0-cc91-e3862e888cc3,2006361196,2010035414
http://id.loc.gov/resources/hubs/0b21c678-8a80-9813-36ff-bb1b90536ac9,86010779,82001300,65014977
http://id.loc.gov/resources/hubs/bc4ab3fc-1861-a279-e3d0-07e4c9966205,2017483796,2018429417
http://id.loc.gov/resources/hubs/505daebc-f14e-d7a8-1ddc-59ea3dcd2886,00297465,99576225,2015622367,86752627,92755307
http://id.loc.gov/resources/hubs/81fd4787-eafb-9571-6da5-4c8ade9f4c1a,2020202517,2020202518,2020202518,2020202517,sg 18000137
http://id.loc.gov/resources/hubs/1ebe609c-6a06-1d9d-085a-1aaa7c87fcbe,2018346094,2021327186
http://id.loc.gov/resources/hubs/cf1ad4a4-cec1-91bf-dfcc-1c452621f41f,99568033,99568036,99573225,00714768,00716084,00719167,2001557812,2005416069,2008573610,2013624958,2011650105,2018605478,86753300,94773660,r 66001665,r 68003211,r 66001666
http://id.loc.gov/resources/hubs/03bf6777-c01f-f39c-cebb-f485c3da0b7d,2005373057,2006352933
http://id.loc.gov/resources/hubs/a43d26c7-ce6f-fa91-c51b-068222c92e89,77461303,98013376,70855622,48035772,95201510
http://id.loc.gov/resources/hubs/f1c6c69d-ac18-04cb-99e3-30836d7377cb,62036697,51050148